{"stats":{"minecraft:picked_up":{"minecraft:repeater":1,"minecraft:oak_sign":4,"minecraft:redstone_torch":10,"minecraft:egg":3,"minecraft:stick":2,"minecraft:white_dye":1,"minecraft:redstone":10,"minecraft:quartz_block":1,"minecraft:lever":1,"minecraft:pink_tulip":1},"minecraft:dropped":{"minecraft:oak_door":1,"minecraft:bread":2,"minecraft:piston":1,"minecraft:lever":3,"minecraft:pink_bed":1,"minecraft:oak_log":1,"minecraft:tnt":1,"minecraft:loom":1,"minecraft:sticky_piston":1,"minecraft:pink_dye":62,"minecraft:oak_fence":1,"minecraft:lantern":1,"minecraft:oak_sign":5,"minecraft:grass_block":1,"minecraft:stick":2,"minecraft:poppy":1,"minecraft:light_blue_dye":60,"minecraft:redstone_lamp":1,"minecraft:repeater":2,"minecraft:quartz_block":1,"minecraft:smooth_quartz":1,"minecraft:pink_wool":1,"minecraft:oak_sapling":2,"minecraft:redstone_torch":12,"minecraft:white_dye":63,"minecraft:beacon":1,"minecraft:campfire":1,"minecraft:red_tulip":1,"minecraft:oak_leaves":1,"minecraft:redstone_block":1,"minecraft:egg":3,"minecraft:redstone":11,"minecraft:pink_tulip":2},"minecraft:custom":{"minecraft:interact_with_furnace":2,"minecraft:interact_with_anvil":1,"minecraft:mob_kills":2,"minecraft:interact_with_crafting_table":2,"minecraft:play_one_minute":268613,"minecraft:interact_with_loom":7,"minecraft:pot_flower":2,"minecraft:interact_with_grindstone":1,"minecraft:leave_game":12,"minecraft:time_since_death":5465,"minecraft:time_since_rest":5491,"minecraft:damage_taken":280,"minecraft:sprint_one_cm":163160,"minecraft:walk_one_cm":748791,"minecraft:drop":39,"minecraft:damage_dealt":230,"minecraft:interact_with_beacon":2,"minecraft:talked_to_villager":3,"minecraft:fly_one_cm":2326658,"minecraft:open_chest":12,"minecraft:crouch_one_cm":3088,"minecraft:deaths":1,"minecraft:sneak_time":9945,"minecraft:jump":497},"minecraft:used":{"minecraft:oak_fence":2,"minecraft:redstone":340,"minecraft:pink_banner":9,"minecraft:oak_sign":121,"minecraft:redstone_block":70,"minecraft:beacon":2,"minecraft:oak_door":4,"minecraft:oak_leaves":4,"minecraft:anvil":1,"minecraft:tnt":3,"minecraft:crafting_table":1,"minecraft:loom":2,"minecraft:campfire":2,"minecraft:redstone_torch":65,"minecraft:oak_log":8,"minecraft:piston":18,"minecraft:lever":34,"minecraft:flower_pot":2,"minecraft:lantern":6,"minecraft:grass_block":35,"minecraft:oak_stairs":2,"minecraft:quartz_block":627,"minecraft:smooth_quartz":1069,"minecraft:pink_wool":27,"minecraft:pink_bed":1,"minecraft:diamond_sword":5,"minecraft:repeater":23,"minecraft:redstone_lamp":146,"minecraft:cobblestone":1,"minecraft:wolf_spawn_egg":1,"minecraft:oak_sapling":14,"minecraft:gold_block":19,"minecraft:pink_stained_glass":2,"minecraft:bone_meal":97},"minecraft:killed":{"minecraft:wolf":2}},"DataVersion":2580}