{"stats":{"minecraft:picked_up":{"minecraft:lever":1,"minecraft:redstone_torch":2,"minecraft:redstone":2},"minecraft:used":{"minecraft:redstone_torch":29,"minecraft:sticky_piston":1,"minecraft:lever":28,"minecraft:repeater":11,"minecraft:redstone_lamp":97,"minecraft:comparator":2,"minecraft:grass_block":1,"minecraft:redstone":174,"minecraft:oak_sign":46,"minecraft:quartz_block":404,"minecraft:redstone_block":26,"minecraft:pink_wool":26},"minecraft:custom":{"minecraft:time_since_rest":127118,"minecraft:open_chest":3,"minecraft:play_one_minute":127118,"minecraft:crouch_one_cm":507,"minecraft:sprint_one_cm":44110,"minecraft:walk_one_cm":9376,"minecraft:sneak_time":2158,"minecraft:drop":5,"minecraft:jump":362,"minecraft:leave_game":8,"minecraft:time_since_death":127118,"minecraft:talked_to_villager":1,"minecraft:fly_one_cm":574290},"minecraft:dropped":{"minecraft:redstone_torch":1,"minecraft:lever":1,"minecraft:grass_block":1,"minecraft:sticky_piston":1,"minecraft:redstone":1}},"DataVersion":2580}